term_index,pauli_q0_to_q13,coefficient_hartree
0,IIIIIIIIIIIIII,-46.576877952457572
1,IIIIIIIIIIIIIZ,0.81622334387382056
2,IIIIIIIIIIIIZI,0.81622334387382034
3,IIIIIIIIIIIIZZ,0.15322158808348454
4,IIIIIIIIIIIZII,0.78967560467802533
5,IIIIIIIIIIIZIZ,0.11173557205097565
6,IIIIIIIIIIIZZI,0.14042131619205961
7,IIIIIIIIIIXXYY,-0.028685744141083949
8,IIIIIIIIIIXYYX,0.028685744141083949
9,IIIIIIIIIIYXXY,0.028685744141083949
10,IIIIIIIIIIYYXX,-0.028685744141083949
11,IIIIIIIIIIZIII,0.78967560467802489
12,IIIIIIIIIIZIIZ,0.14042131619205961
13,IIIIIIIIIIZIZI,0.11173557205097565
14,IIIIIIIIIIZZII,0.14828257162461567
15,IIIIIIIIIZIIII,1.3651822735222559
16,IIIIIIIIIZIIIZ,0.14899185049748487
17,IIIIIIIIIZIIZI,0.15514463308409029
18,IIIIIIIIIZIZII,0.13706058423477149
19,IIIIIIIIIZZIII,0.14639477853010674
20,IIIIIIIIXXIIYY,-0.0061527825866054377
21,IIIIIIIIXXYYII,-0.009334194295335262
22,IIIIIIIIXYIIYX,0.0061527825866054377
23,IIIIIIIIXYYXII,0.009334194295335262
24,IIIIIIIIYXIIXY,0.0061527825866054377
25,IIIIIIIIYXXYII,0.009334194295335262
26,IIIIIIIIYYIIXX,-0.0061527825866054377
27,IIIIIIIIYYXXII,-0.009334194295335262
28,IIIIIIIIZIIIII,1.3651822735222561
29,IIIIIIIIZIIIIZ,0.15514463308409029
30,IIIIIIIIZIIIZI,0.14899185049748487
31,IIIIIIIIZIIZII,0.14639477853010674
32,IIIIIIIIZIZIII,0.13706058423477149
33,IIIIIIIIZZIIII,0.2200397733437619
34,IIIIIIIXIZZXII,-0.031445407741651984
35,IIIIIIIXXYYIII,-9.1546862542614692e-05
36,IIIIIIIXYYXIII,9.1546862542614692e-05
37,IIIIIIIXZIZXII,-0.031353860879109366
38,IIIIIIIXZZIXII,-0.011673743974629284
39,IIIIIIIXZZXIXX,0.014683290999022498
40,IIIIIIIXZZYIYX,0.014683290999022498
41,IIIIIIIXZZZXII,-0.23864931681802193
42,IIIIIIIXZZZXIZ,-0.025800540749491313
43,IIIIIIIXZZZXZI,-0.011117249750468815
44,IIIIIIIYIZZYII,-0.031445407741651984
45,IIIIIIIYXXYIII,9.1546862542614692e-05
46,IIIIIIIYYXXIII,-9.1546862542614692e-05
47,IIIIIIIYZIZYII,-0.031353860879109366
48,IIIIIIIYZZIYII,-0.011673743974629284
49,IIIIIIIYZZXIXY,0.014683290999022498
50,IIIIIIIYZZYIYY,0.014683290999022498
51,IIIIIIIYZZZYII,-0.23864931681802193
52,IIIIIIIYZZZYIZ,-0.025800540749491313
53,IIIIIIIYZZZYZI,-0.011117249750468815
54,IIIIIIIZIIIIII,1.293617505133865
55,IIIIIIIZIIIIIZ,0.13265310912109701
56,IIIIIIIZIIIIZI,0.15003698081418207
57,IIIIIIIZIIIZII,0.11781746821100242
58,IIIIIIIZIIZIII,0.13693528225126733
59,IIIIIIIZIZIIII,0.16625850307332943
60,IIIIIIIZZIIIII,0.17972541067327572
61,IIIIIIXIZZXIII,-0.03144039982660627
62,IIIIIIXXIIIIYY,-0.017383871693085067
63,IIIIIIXXIIYYII,-0.01911781404026491
64,IIIIIIXXYYIIII,-0.013466907599946294
65,IIIIIIXYIIIIYX,0.017383871693085067
66,IIIIIIXYIIYXII,0.01911781404026491
67,IIIIIIXYYXIIII,0.013466907599946294
68,IIIIIIXZIZXIII,-0.031353860879109366
69,IIIIIIXZXXZXII,9.1546862542614692e-05
70,IIIIIIXZXYZYII,9.1546862542614692e-05
71,IIIIIIXZZIXIII,-0.031445407741651984
72,IIIIIIXZZZXIII,-0.23864931681802182
73,IIIIIIXZZZXIIZ,-0.011117249750468815
74,IIIIIIXZZZXIZI,-0.025800540749491313
75,IIIIIIXZZZXZII,-0.011673743974629284
76,IIIIIIXZZZZXYY,0.014683290999022498
77,IIIIIIXZZZZYYX,-0.014683290999022498
78,IIIIIIYIZZYIII,-0.03144039982660627
79,IIIIIIYXIIIIXY,0.017383871693085067
80,IIIIIIYXIIXYII,0.01911781404026491
81,IIIIIIYXXYIIII,0.013466907599946294
82,IIIIIIYYIIIIXX,-0.017383871693085067
83,IIIIIIYYIIXXII,-0.01911781404026491
84,IIIIIIYYXXIIII,-0.013466907599946294
85,IIIIIIYZIZYIII,-0.031353860879109366
86,IIIIIIYZYXZXII,9.1546862542614692e-05
87,IIIIIIYZYYZYII,9.1546862542614692e-05
88,IIIIIIYZZIYIII,-0.031445407741651984
89,IIIIIIYZZZYIII,-0.23864931681802182
90,IIIIIIYZZZYIIZ,-0.011117249750468815
91,IIIIIIYZZZYIZI,-0.025800540749491313
92,IIIIIIYZZZYZII,-0.011673743974629284
93,IIIIIIYZZZZXXY,-0.014683290999022498
94,IIIIIIYZZZZYXX,0.014683290999022498
95,IIIIIIZIIIIIII,1.2936175051338652
96,IIIIIIZIIIIIIZ,0.15003698081418207
97,IIIIIIZIIIIIZI,0.13265310912109701
98,IIIIIIZIIIIZII,0.13693528225126733
99,IIIIIIZIIIZIII,0.11781746821100242
100,IIIIIIZIIZIIII,0.17972541067327572
101,IIIIIIZIZIIIII,0.16625850307332943
102,IIIIIIZXZZZXII,-0.03144039982660627
103,IIIIIIZYZZZYII,-0.03144039982660627
104,IIIIIIZZIIIIII,0.19006279561513756
105,IIIIIXIZZZZZZX,-0.038872898277704057
106,IIIIIXXIIIIYYI,-0.011879562206529991
107,IIIIIXXIIIXZZX,-0.021244245934244774
108,IIIIIXXYZZZZYI,0.00055951902320836347
109,IIIIIXYIIIIYXI,0.011879562206529991
110,IIIIIXYIIIYZZX,-0.021244245934244774
111,IIIIIXYYZZZZXI,-0.00055951902320836347
112,IIIIIXZIZZZZZX,-0.039432417300912417
113,IIIIIXZXIIIXZX,-0.0082070238287046335
114,IIIIIXZXIIIYZY,0.0011576598990101499
115,IIIIIXZXIIXZXI,0.01303722210554014
116,IIIIIXZXIIYZYI,0.01303722210554014
117,IIIIIXZYIIIYZX,-0.0093646837277147829
118,IIIIIXZZIZZZZX,-0.048381169631576369
119,IIIIIXZZXYZZYI,-0.0059439163898977708
120,IIIIIXZZYYZZXI,0.0059439163898977708
121,IIIIIXZZZIZZZX,-0.042437253241678602
122,IIIIIXZZZZIZZX,-0.0099263200256607884
123,IIIIIXZZZZXYYI,0.016358700231969808
124,IIIIIXZZZZYYXI,-0.016358700231969808
125,IIIIIXZZZZZIZX,-0.026285020257630597
126,IIIIIXZZZZZZIX,-0.023534549588013407
127,IIIIIXZZZZZZZX,-0.37201114710863881
128,IIIIIYIZZZZZZY,-0.038872898277704057
129,IIIIIYXIIIIXYI,0.011879562206529991
130,IIIIIYXIIIXZZY,-0.021244245934244774
131,IIIIIYXXZZZZYI,-0.00055951902320836347
132,IIIIIYYIIIIXXI,-0.011879562206529991
133,IIIIIYYIIIYZZY,-0.021244245934244774
134,IIIIIYYXZZZZXI,0.00055951902320836347
135,IIIIIYZIZZZZZY,-0.039432417300912417
136,IIIIIYZXIIIXZY,-0.0093646837277147829
137,IIIIIYZYIIIXZX,0.0011576598990101499
138,IIIIIYZYIIIYZY,-0.0082070238287046335
139,IIIIIYZYIIXZXI,0.01303722210554014
140,IIIIIYZYIIYZYI,0.01303722210554014
141,IIIIIYZZIZZZZY,-0.048381169631576369
142,IIIIIYZZXXZZYI,0.0059439163898977708
143,IIIIIYZZYXZZXI,-0.0059439163898977708
144,IIIIIYZZZIZZZY,-0.042437253241678602
145,IIIIIYZZZZIZZY,-0.0099263200256607884
146,IIIIIYZZZZXXYI,-0.016358700231969808
147,IIIIIYZZZZYXXI,0.016358700231969808
148,IIIIIYZZZZZIZY,-0.026285020257630597
149,IIIIIYZZZZZZIY,-0.023534549588013407
150,IIIIIYZZZZZZZY,-0.37201114710863881
151,IIIIIZIIIIIIII,1.1854040008893547
152,IIIIIZIIIIIIIZ,0.11196336951840531
153,IIIIIZIIIIIIZI,0.15057192857351745
154,IIIIIZIIIIIZII,0.12315743240727881
155,IIIIIZIIIIZIII,0.14126789532674755
156,IIIIIZIIIZIIII,0.14812201932631969
157,IIIIIZIIZIIIII,0.15512503671948369
158,IIIIIZIXZZZXII,-0.019030651408854335
159,IIIIIZIYZZZYII,-0.019030651408854335
160,IIIIIZIZIIIIII,0.13484372622211935
161,IIIIIZXZZZXIII,-0.011170126764422127
162,IIIIIZYZZZYIII,-0.011170126764422127
163,IIIIIZZIIIIIII,0.14718420382481945
164,IIIIXIZZZZZZXI,-0.022421242661039141
165,IIIIXXIIIIIIYY,-0.038608559055112152
166,IIIIXXIIIIYYII,-0.01811046291946878
167,IIIIXXIIYYIIII,-0.007003017393163999
168,IIIIXXIXZZXIII,0.0078605246444322097
169,IIIIXXYYIIIIII,-0.012340477602700118
170,IIIIXXYZZZZYII,0.0078605246444322097
171,IIIIXYIIIIIIYX,0.038608559055112152
172,IIIIXYIIIIYXII,0.01811046291946878
173,IIIIXYIIYXIIII,0.007003017393163999
174,IIIIXYIYZZXIII,0.0078605246444322097
175,IIIIXYYXIIIIII,0.012340477602700118
176,IIIIXYYZZZZXII,-0.0078605246444322097
177,IIIIXZIZZZZZXI,-0.039432417300912417
178,IIIIXZXIIIIXZX,0.01303722210554014
179,IIIIXZXIIIIYZY,0.01303722210554014
180,IIIIXZXIIIXZXI,-0.0082070238287046335
181,IIIIXZXIIIYZYI,0.0011576598990101499
182,IIIIXZXXZZZZZX,-0.00055951902320836347
183,IIIIXZXYZZZZZY,-0.00055951902320836347
184,IIIIXZYIIIYZXI,-0.0093646837277147829
185,IIIIXZZIZZZZXI,-0.038872898277704057
186,IIIIXZZXIIIXXI,-0.021244245934244774
187,IIIIXZZXIIYZZY,-0.011879562206529991
188,IIIIXZZYIIIYXI,-0.021244245934244774
189,IIIIXZZYIIYZZX,0.011879562206529991
190,IIIIXZZZIZZZXI,-0.042437253241678602
191,IIIIXZZZXXZZZX,0.0059439163898977708
192,IIIIXZZZXYZZZY,0.0059439163898977708
193,IIIIXZZZZIZZXI,-0.048381169631576369
194,IIIIXZZZZZIZXI,-0.026285020257630597
195,IIIIXZZZZZXXZX,-0.016358700231969808
196,IIIIXZZZZZXYZY,-0.016358700231969808
197,IIIIXZZZZZZIXI,-0.0099263200256607884
198,IIIIXZZZZZZZXI,-0.37201114710863875
199,IIIIXZZZZZZZXZ,-0.023534549588013407
200,IIIIYIZZZZZZYI,-0.022421242661039141
201,IIIIYXIIIIIIXY,0.038608559055112152
202,IIIIYXIIIIXYII,0.01811046291946878
203,IIIIYXIIXYIIII,0.007003017393163999
204,IIIIYXIXZZYIII,0.0078605246444322097
205,IIIIYXXYIIIIII,0.012340477602700118
206,IIIIYXXZZZZYII,-0.0078605246444322097
207,IIIIYYIIIIIIXX,-0.038608559055112152
208,IIIIYYIIIIXXII,-0.01811046291946878
209,IIIIYYIIXXIIII,-0.007003017393163999
210,IIIIYYIYZZYIII,0.0078605246444322097
211,IIIIYYXXIIIIII,-0.012340477602700118
212,IIIIYYXZZZZXII,0.0078605246444322097
213,IIIIYZIZZZZZYI,-0.039432417300912417
214,IIIIYZXIIIXZYI,-0.0093646837277147829
215,IIIIYZYIIIIXZX,0.01303722210554014
216,IIIIYZYIIIIYZY,0.01303722210554014
217,IIIIYZYIIIXZXI,0.0011576598990101499
218,IIIIYZYIIIYZYI,-0.0082070238287046335
219,IIIIYZYXZZZZZX,-0.00055951902320836347
220,IIIIYZYYZZZZZY,-0.00055951902320836347
221,IIIIYZZIZZZZYI,-0.038872898277704057
222,IIIIYZZXIIIXYI,-0.021244245934244774
223,IIIIYZZXIIXZZY,0.011879562206529991
224,IIIIYZZYIIIYYI,-0.021244245934244774
225,IIIIYZZYIIXZZX,-0.011879562206529991
226,IIIIYZZZIZZZYI,-0.042437253241678602
227,IIIIYZZZYXZZZX,0.0059439163898977708
228,IIIIYZZZYYZZZY,0.0059439163898977708
229,IIIIYZZZZIZZYI,-0.048381169631576369
230,IIIIYZZZZZIZYI,-0.026285020257630597
231,IIIIYZZZZZYXZX,-0.016358700231969808
232,IIIIYZZZZZYYZY,-0.016358700231969808
233,IIIIYZZZZZZIYI,-0.0099263200256607884
234,IIIIYZZZZZZZYI,-0.37201114710863875
235,IIIIYZZZZZZZYZ,-0.023534549588013407
236,IIIIZIIIIIIIII,1.1854040008893547
237,IIIIZIIIIIIIIZ,0.15057192857351745
238,IIIIZIIIIIIIZI,0.11196336951840531
239,IIIIZIIIIIIZII,0.14126789532674755
240,IIIIZIIIIIZIII,0.12315743240727881
241,IIIIZIIIIZIIII,0.15512503671948369
242,IIIIZIIIZIIIII,0.14812201932631969
243,IIIIZIIXZZZXII,-0.011170126764422127
244,IIIIZIIYZZZYII,-0.011170126764422127
245,IIIIZIIZIIIIII,0.14718420382481945
246,IIIIZIXZZZXIII,-0.019030651408854335
247,IIIIZIYZZZYIII,-0.019030651408854335
248,IIIIZIZIIIIIII,0.13484372622211935
249,IIIIZXZZZZZZZX,-0.022421242661039141
250,IIIIZYZZZZZZZY,-0.022421242661039141
251,IIIIZZIIIIIIII,0.15523682392254493
252,IIIXIZZXIIIIII,-0.0015342766030772665
253,IIIXIZZZZZZXII,-0.018216656569934077
254,IIIXXIIIIIIYYI,-0.018683400269975645
255,IIIXXIIIIIXZZX,-0.0084874313865376406
256,IIIXXIIYZZZZYI,0.019252464056891412
257,IIIXXIXZZZZZZX,0.0083127482394573324
258,IIIXXYYIIIIIII,-0.0057041140218892783
259,IIIXXYZZZZYIII,0.00993077108682381
260,IIIXYIIIIIIYXI,0.018683400269975645
261,IIIXYIIIIIYZZX,-0.0084874313865376406
262,IIIXYIIYZZZZXI,-0.019252464056891412
263,IIIXYIYZZZZZZX,0.0083127482394573324
264,IIIXYYXIIIIIII,0.0057041140218892783
265,IIIXYYZZZZXIII,-0.00993077108682381
266,IIIXZIZXIIIIII,0.0041698374188120129
267,IIIXZIZZZZZXII,-0.028147427656757887
268,IIIXZXIIIIIXZX,0.01535646771146471
269,IIIXZXIIIIIYZY,0.0051604988280267057
270,IIIXZXIIIIXZXI,0.023843899098002351
271,IIIXZXIIIIYZYI,0.023843899098002351
272,IIIXZXIXZZZZZX,-0.010727580972098617
273,IIIXZXIYZZZZZY,0.00021213484533545972
274,IIIXZXXZZZZZXI,-0.019040329211555952
275,IIIXZXYZZZZZYI,-0.019040329211555952
276,IIIXZYIIIIIYZX,0.010195968883438005
277,IIIXZYIYZZZZZX,-0.010939715817434078
278,IIIXZZIXIIIIII,0.025697132915382732
279,IIIXZZIZZZZXII,-0.020261538866360278
280,IIIXZZXIIIIIXX,0.004237845445986768
281,IIIXZZXIIIXXII,-0.015347476475703788
282,IIIXZZXIXXIIII,0.011578988227190251
283,IIIXZZXYZZYIII,0.0091793546946109857
284,IIIXZZYIIIIIYX,0.004237845445986768
285,IIIXZZYIIIYXII,-0.015347476475703788
286,IIIXZZYIYXIIII,0.011578988227190251
287,IIIXZZYYZZXIII,-0.0091793546946109857
288,IIIXZZZIZZZXII,-0.029440893560971265
289,IIIXZZZXIIIIII,0.12531777772889477
290,IIIXZZZXIIIIIZ,-0.00033823840862550261
291,IIIXZZZXIIIIZI,0.0038996070373612654
292,IIIXZZZXIIIZII,0.0013895460019510194
293,IIIXZZZXIIZIII,-0.013957930473752768
294,IIIXZZZXIZIIII,0.006602472767935753
295,IIIXZZZXZIIIII,0.018181460995126002
296,IIIXZZZZIZZXII,-0.038543166167884294
297,IIIXZZZZXYYIII,-0.014258502598291364
298,IIIXZZZZYYXIII,0.014258502598291364
299,IIIXZZZZZIZXII,-0.024284663569592926
300,IIIXZZZZZZIXII,-0.023906128558672298
301,IIIXZZZZZZXIXX,0.0020474389432193246
302,IIIXZZZZZZYIYX,0.0020474389432193246
303,IIIXZZZZZZZXII,-0.27447949862958165
304,IIIXZZZZZZZXIZ,-0.018782744196140122
305,IIIXZZZZZZZXZI,-0.016735305252920798
306,IIIYIZZYIIIIII,-0.0015342766030772665
307,IIIYIZZZZZZYII,-0.018216656569934077
308,IIIYXIIIIIIXYI,0.018683400269975645
309,IIIYXIIIIIXZZY,-0.0084874313865376406
310,IIIYXIIXZZZZYI,-0.019252464056891412
311,IIIYXIXZZZZZZY,0.0083127482394573324
312,IIIYXXYIIIIIII,0.0057041140218892783
313,IIIYXXZZZZYIII,-0.00993077108682381
314,IIIYYIIIIIIXXI,-0.018683400269975645
315,IIIYYIIIIIYZZY,-0.0084874313865376406
316,IIIYYIIXZZZZXI,0.019252464056891412
317,IIIYYIYZZZZZZY,0.0083127482394573324
318,IIIYYXXIIIIIII,-0.0057041140218892783
319,IIIYYXZZZZXIII,0.00993077108682381
320,IIIYZIZYIIIIII,0.0041698374188120129
321,IIIYZIZZZZZYII,-0.028147427656757887
322,IIIYZXIIIIIXZY,0.010195968883438005
323,IIIYZXIXZZZZZY,-0.010939715817434078
324,IIIYZYIIIIIXZX,0.0051604988280267057
325,IIIYZYIIIIIYZY,0.01535646771146471
326,IIIYZYIIIIXZXI,0.023843899098002351
327,IIIYZYIIIIYZYI,0.023843899098002351
328,IIIYZYIXZZZZZX,0.00021213484533545972
329,IIIYZYIYZZZZZY,-0.010727580972098617
330,IIIYZYXZZZZZXI,-0.019040329211555952
331,IIIYZYYZZZZZYI,-0.019040329211555952
332,IIIYZZIYIIIIII,0.025697132915382732
333,IIIYZZIZZZZYII,-0.020261538866360278
334,IIIYZZXIIIIIXY,0.004237845445986768
335,IIIYZZXIIIXYII,-0.015347476475703788
336,IIIYZZXIXYIIII,0.011578988227190251
337,IIIYZZXXZZYIII,-0.0091793546946109857
338,IIIYZZYIIIIIYY,0.004237845445986768
339,IIIYZZYIIIYYII,-0.015347476475703788
340,IIIYZZYIYYIIII,0.011578988227190251
341,IIIYZZYXZZXIII,0.0091793546946109857
342,IIIYZZZIZZZYII,-0.029440893560971265
343,IIIYZZZYIIIIII,0.12531777772889477
344,IIIYZZZYIIIIIZ,-0.00033823840862550261
345,IIIYZZZYIIIIZI,0.0038996070373612654
346,IIIYZZZYIIIZII,0.0013895460019510194
347,IIIYZZZYIIZIII,-0.013957930473752768
348,IIIYZZZYIZIIII,0.006602472767935753
349,IIIYZZZYZIIIII,0.018181460995126002
350,IIIYZZZZIZZYII,-0.038543166167884294
351,IIIYZZZZXXYIII,0.014258502598291364
352,IIIYZZZZYXXIII,-0.014258502598291364
353,IIIYZZZZZIZYII,-0.024284663569592926
354,IIIYZZZZZZIYII,-0.023906128558672298
355,IIIYZZZZZZXIXY,0.0020474389432193246
356,IIIYZZZZZZYIYY,0.0020474389432193246
357,IIIYZZZZZZZYII,-0.27447949862958165
358,IIIYZZZZZZZYIZ,-0.018782744196140122
359,IIIYZZZZZZZYZI,-0.016735305252920798
360,IIIZIIIIIIIIII,1.6467340903639189
361,IIIZIIIIIIIIIZ,0.13893312239050465
362,IIIZIIIIIIIIZI,0.15486409054065303
363,IIIZIIIIIIIZII,0.12697448469601139
364,IIIZIIIIIIZIII,0.15193897468738246
365,IIIZIIIIIZIIII,0.15067920469204801
366,IIIZIIIIZIIIII,0.18717951391641535
367,IIIZIIIXZZZXII,-0.020027259716261354
368,IIIZIIIYZZZYII,-0.020027259716261354
369,IIIZIIIZIIIIII,0.13645062794046667
370,IIIZIIXZZZXIII,-0.025939454725905784
371,IIIZIIYZZZYIII,-0.025939454725905784
372,IIIZIIZIIIIIII,0.16806893703504847
373,IIIZIXZZZZZZZX,-0.025258733501651226
374,IIIZIYZZZZZZZY,-0.025258733501651226
375,IIIZIZIIIIIIII,0.12381810175552795
376,IIIZXZZZZZZZXI,-0.036403733165240038
377,IIIZYZZZZZZZYI,-0.036403733165240038
378,IIIZZIIIIIIIII,0.15896691387986378
379,IIXIZZXIIIIIII,0.0010930703773871929
380,IIXIZZZZZZXIII,-0.035015144988956914
381,IIXXIIIIIIIIYY,-0.015930968150148408
382,IIXXIIIIIIYYII,-0.024964489991371058
383,IIXXIIIIYYIIII,-0.036500309224367353
384,IIXXIIIXZZXIII,-0.0059121950096444314
385,IIXXIIYYIIIIII,-0.031618309094581805
386,IIXXIIYZZZZYII,-0.0059121950096444314
387,IIXXIXZZZZZZXI,-0.011144999663588806
388,IIXXYYIIIIIIII,-0.035148812124335814
389,IIXXYZZZZZZZZY,-0.011144999663588806
390,IIXYIIIIIIIIYX,0.015930968150148408
391,IIXYIIIIIIYXII,0.024964489991371058
392,IIXYIIIIYXIIII,0.036500309224367353
393,IIXYIIIYZZXIII,-0.0059121950096444314
394,IIXYIIYXIIIIII,0.031618309094581805
395,IIXYIIYZZZZXII,0.0059121950096444314
396,IIXYIYZZZZZZXI,-0.011144999663588806
397,IIXYYXIIIIIIII,0.035148812124335814
398,IIXYYZZZZZZZZX,0.011144999663588806
399,IIXZIZXIIIIIII,0.0041698374188120129
400,IIXZIZZZZZXIII,-0.028147427656757887
401,IIXZXIIIIIIXZX,0.023843899098002351
402,IIXZXIIIIIIYZY,0.023843899098002351
403,IIXZXIIIIIXZXI,0.01535646771146471
404,IIXZXIIIIIYZYI,0.0051604988280267057
405,IIXZXIIXZZZZZX,-0.019040329211555952
406,IIXZXIIYZZZZZY,-0.019040329211555952
407,IIXZXIXZZZZZXI,-0.010727580972098617
408,IIXZXIYZZZZZYI,0.00021213484533545972
409,IIXZXXZXIIIIII,0.0057041140218892783
410,IIXZXXZZZZZXII,-0.00993077108682381
411,IIXZXYZYIIIIII,0.0057041140218892783
412,IIXZXYZZZZZYII,-0.00993077108682381
413,IIXZYIIIIIYZXI,0.010195968883438005
414,IIXZYIYZZZZZXI,-0.010939715817434078
415,IIXZZIXIIIIIII,-0.0015342766030772665
416,IIXZZIZZZZXIII,-0.018216656569934077
417,IIXZZXIIIIIXXI,-0.0084874313865376406
418,IIXZZXIIIIYZZY,-0.018683400269975645
419,IIXZZXIXZZZZXI,0.0083127482394573324
420,IIXZZXYZZZZZZY,0.019252464056891412
421,IIXZZYIIIIIYXI,-0.0084874313865376406
422,IIXZZYIIIIYZZX,0.018683400269975645
423,IIXZZYIYZZZZXI,0.0083127482394573324
424,IIXZZYYZZZZZZX,-0.019252464056891412
425,IIXZZZIZZZXIII,-0.029440893560971265
426,IIXZZZXIIIIIII,0.12531777772889477
427,IIXZZZXIIIIIIZ,0.0038996070373612654
428,IIXZZZXIIIIIZI,-0.00033823840862550261
429,IIXZZZXIIIIZII,-0.013957930473752768
430,IIXZZZXIIIZIII,0.0013895460019510194
431,IIXZZZXIIZIIII,0.018181460995126002
432,IIXZZZXIZIIIII,0.006602472767935753
433,IIXZZZXXZZZXII,-0.0091793546946109857
434,IIXZZZXYZZZYII,-0.0091793546946109857
435,IIXZZZXZIIIIII,0.025697132915382732
436,IIXZZZZIZZXIII,-0.020261538866360278
437,IIXZZZZXIIIIYY,0.004237845445986768
438,IIXZZZZXIIYYII,-0.015347476475703788
439,IIXZZZZXYYIIII,0.011578988227190251
440,IIXZZZZYIIIIYX,-0.004237845445986768
441,IIXZZZZYIIYXII,0.015347476475703788
442,IIXZZZZYYXIIII,-0.011578988227190251
443,IIXZZZZZIZXIII,-0.024284663569592926
444,IIXZZZZZXXZXII,0.014258502598291364
445,IIXZZZZZXYZYII,0.014258502598291364
446,IIXZZZZZZIXIII,-0.038543166167884294
447,IIXZZZZZZZXIII,-0.2744794986295816
448,IIXZZZZZZZXIIZ,-0.016735305252920798
449,IIXZZZZZZZXIZI,-0.018782744196140122
450,IIXZZZZZZZXZII,-0.023906128558672298
451,IIXZZZZZZZZXYY,0.0020474389432193246
452,IIXZZZZZZZZYYX,-0.0020474389432193246
453,IIYIZZYIIIIIII,0.0010930703773871929
454,IIYIZZZZZZYIII,-0.035015144988956914
455,IIYXIIIIIIIIXY,0.015930968150148408
456,IIYXIIIIIIXYII,0.024964489991371058
457,IIYXIIIIXYIIII,0.036500309224367353
458,IIYXIIIXZZYIII,-0.0059121950096444314
459,IIYXIIXYIIIIII,0.031618309094581805
460,IIYXIIXZZZZYII,0.0059121950096444314
461,IIYXIXZZZZZZYI,-0.011144999663588806
462,IIYXXYIIIIIIII,0.035148812124335814
463,IIYXXZZZZZZZZY,0.011144999663588806
464,IIYYIIIIIIIIXX,-0.015930968150148408
465,IIYYIIIIIIXXII,-0.024964489991371058
466,IIYYIIIIXXIIII,-0.036500309224367353
467,IIYYIIIYZZYIII,-0.0059121950096444314
468,IIYYIIXXIIIIII,-0.031618309094581805
469,IIYYIIXZZZZXII,-0.0059121950096444314
470,IIYYIYZZZZZZYI,-0.011144999663588806
471,IIYYXXIIIIIIII,-0.035148812124335814
472,IIYYXZZZZZZZZX,-0.011144999663588806
473,IIYZIZYIIIIIII,0.0041698374188120129
474,IIYZIZZZZZYIII,-0.028147427656757887
475,IIYZXIIIIIXZYI,0.010195968883438005
476,IIYZXIXZZZZZYI,-0.010939715817434078
477,IIYZYIIIIIIXZX,0.023843899098002351
478,IIYZYIIIIIIYZY,0.023843899098002351
479,IIYZYIIIIIXZXI,0.0051604988280267057
480,IIYZYIIIIIYZYI,0.01535646771146471
481,IIYZYIIXZZZZZX,-0.019040329211555952
482,IIYZYIIYZZZZZY,-0.019040329211555952
483,IIYZYIXZZZZZXI,0.00021213484533545972
484,IIYZYIYZZZZZYI,-0.010727580972098617
485,IIYZYXZXIIIIII,0.0057041140218892783
486,IIYZYXZZZZZXII,-0.00993077108682381
487,IIYZYYZYIIIIII,0.0057041140218892783
488,IIYZYYZZZZZYII,-0.00993077108682381
489,IIYZZIYIIIIIII,-0.0015342766030772665
490,IIYZZIZZZZYIII,-0.018216656569934077
491,IIYZZXIIIIIXYI,-0.0084874313865376406
492,IIYZZXIIIIXZZY,0.018683400269975645
493,IIYZZXIXZZZZYI,0.0083127482394573324
494,IIYZZXXZZZZZZY,-0.019252464056891412
495,IIYZZYIIIIIYYI,-0.0084874313865376406
496,IIYZZYIIIIXZZX,-0.018683400269975645
497,IIYZZYIYZZZZYI,0.0083127482394573324
498,IIYZZYXZZZZZZX,0.019252464056891412
499,IIYZZZIZZZYIII,-0.029440893560971265
500,IIYZZZYIIIIIII,0.12531777772889477
501,IIYZZZYIIIIIIZ,0.0038996070373612654
502,IIYZZZYIIIIIZI,-0.00033823840862550261
503,IIYZZZYIIIIZII,-0.013957930473752768
504,IIYZZZYIIIZIII,0.0013895460019510194
505,IIYZZZYIIZIIII,0.018181460995126002
506,IIYZZZYIZIIIII,0.006602472767935753
507,IIYZZZYXZZZXII,-0.0091793546946109857
508,IIYZZZYYZZZYII,-0.0091793546946109857
509,IIYZZZYZIIIIII,0.025697132915382732
510,IIYZZZZIZZYIII,-0.020261538866360278
511,IIYZZZZXIIIIXY,-0.004237845445986768
512,IIYZZZZXIIXYII,0.015347476475703788
513,IIYZZZZXXYIIII,-0.011578988227190251
514,IIYZZZZYIIIIXX,0.004237845445986768
515,IIYZZZZYIIXXII,-0.015347476475703788
516,IIYZZZZYXXIIII,0.011578988227190251
517,IIYZZZZZIZYIII,-0.024284663569592926
518,IIYZZZZZYXZXII,0.014258502598291364
519,IIYZZZZZYYZYII,0.014258502598291364
520,IIYZZZZZZIYIII,-0.038543166167884294
521,IIYZZZZZZZYIII,-0.2744794986295816
522,IIYZZZZZZZYIIZ,-0.016735305252920798
523,IIYZZZZZZZYIZI,-0.018782744196140122
524,IIYZZZZZZZYZII,-0.023906128558672298
525,IIYZZZZZZZZXXY,-0.0020474389432193246
526,IIYZZZZZZZZYXX,0.0020474389432193246
527,IIZIIIIIIIIIII,1.6467340903639187
528,IIZIIIIIIIIIIZ,0.15486409054065303
529,IIZIIIIIIIIIZI,0.13893312239050465
530,IIZIIIIIIIIZII,0.15193897468738246
531,IIZIIIIIIIZIII,0.12697448469601139
532,IIZIIIIIIZIIII,0.18717951391641535
533,IIZIIIIIZIIIII,0.15067920469204801
534,IIZIIIIXZZZXII,-0.025939454725905784
535,IIZIIIIYZZZYII,-0.025939454725905784
536,IIZIIIIZIIIIII,0.16806893703504847
537,IIZIIIXZZZXIII,-0.020027259716261354
538,IIZIIIYZZZYIII,-0.020027259716261354
539,IIZIIIZIIIIIII,0.13645062794046667
540,IIZIIXZZZZZZZX,-0.036403733165240038
541,IIZIIYZZZZZZZY,-0.036403733165240038
542,IIZIIZIIIIIIII,0.15896691387986378
543,IIZIXZZZZZZZXI,-0.025258733501651226
544,IIZIYZZZZZZZYI,-0.025258733501651226
545,IIZIZIIIIIIIII,0.12381810175552795
546,IIZXZZZXIIIIII,0.0010930703773871929
547,IIZXZZZZZZZXII,-0.035015144988956914
548,IIZYZZZYIIIIII,0.0010930703773871929
549,IIZYZZZZZZZYII,-0.035015144988956914
550,IIZZIIIIIIIIII,0.18127545201639111
551,IXIXIIIIIIIIII,0.0034097782669058312
552,IXIZZZZXIIIIII,-0.0037408298897965439
553,IXIZZZZZZZZXII,0.00029533147027719384
554,IXXIIIIIIIIIXX,-0.0046499213053707413
555,IXXIIIIIIIXXII,-0.0019289541949591882
556,IXXIIIIIXXIIII,-0.0081656128643012478
557,IXXIIIIYZZYIII,-0.0046467391817534053
558,IXXIIIXXIIIIII,-0.0046997230796814171
559,IXXIIIXZZZZXII,-0.0051314092792092494
560,IXXIIYZZZZZZYI,-0.0035367160958703755
561,IXXIXXIIIIIIII,-0.0043525678946091679
562,IXXIXZZZZZZZZX,-0.0056648718803857592
563,IXXYZZYIIIIIII,-0.0022245135381126122
564,IXXYZZZZZZYIII,0.0016262345724251755
565,IXYIIIIIIIIIYX,-0.0046499213053707413
566,IXYIIIIIIIYXII,-0.0019289541949591882
567,IXYIIIIIYXIIII,-0.0081656128643012478
568,IXYIIIIYZZXIII,0.0046467391817534053
569,IXYIIIYXIIIIII,-0.0046997230796814171
570,IXYIIIYZZZZXII,-0.0051314092792092494
571,IXYIIYZZZZZZXI,0.0035367160958703755
572,IXYIYXIIIIIIII,-0.0043525678946091679
573,IXYIYZZZZZZZZX,-0.0056648718803857592
574,IXYYZZXIIIIIII,0.0022245135381126122
575,IXYYZZZZZZXIII,-0.0016262345724251755
576,IXZIZZZXIIIIII,-0.0015163163516839317
577,IXZIZZZZZZZXII,-0.0013309031021479815
578,IXZXIIIIIIIIII,0.12541470035964136
579,IXZXIIIIIIIIIZ,0.0069605960921367074
580,IXZXIIIIIIIIZI,0.002310674786765967
581,IXZXIIIIIIIZII,0.0037098445947667327
582,IXZXIIIIIIZIII,0.0017808903998075445
583,IXZXIIIIIZIIII,0.011118800718614076
584,IXZXIIIIZIIIII,0.0029531878543128292
585,IXZXIIIXZZZXII,-0.0057870207705441783
586,IXZXIIIYZZZYII,-0.0053023506730883341
587,IXZXIIIZIIIIII,0.0079182753054297065
588,IXZXIIXZZZXIII,-0.00065561149133492929
589,IXZXIIYZZZYIII,-0.00065561149133492929
590,IXZXIIZIIIIIII,0.0032185522257482902
591,IXZXIXZZZZZZZX,-0.0074936486458891671
592,IXZXIYZZZZZZZY,-0.0053654928613737843
593,IXZXIZIIIIIIII,0.0054702754703966679
594,IXZXXZZZZZZZXI,-0.0018287767655034079
595,IXZXYZZZZZZZYI,-0.0018287767655034079
596,IXZXZIIIIIIIII,0.0011177075757875005
597,IXZYIIIYZZZXII,-0.00048467009745584405
598,IXZYIYZZZZZZZX,-0.0021281557845153833
599,IXZZIZZXIIIIII,-0.001550740645408992
600,IXZZIZZZZZZXII,-8.4284642836461642e-05
601,IXZZXIIIIIIYYI,0.0016483295994245899
602,IXZZXIIIIIXZZX,-0.0008992886734020721
603,IXZZXIIYZZZZYI,0.00015488507130674133
604,IXZZXIXZZZZZZX,0.0011237275186274545
605,IXZZXYYIIIIIII,0.00078657327782231902
606,IXZZXYZZZZYIII,-0.00074475546042770155
607,IXZZYIIIIIIYXI,-0.0016483295994245899
608,IXZZYIIIIIYZZX,-0.0008992886734020721
609,IXZZYIIYZZZZXI,-0.00015488507130674133
610,IXZZYIYZZZZZZX,0.0011237275186274545
611,IXZZYYXIIIIIII,-0.00078657327782231902
612,IXZZYYZZZZXIII,0.00074475546042770155
613,IXZZZIZXIIIIII,-0.002337313923231311
614,IXZZZIZZZZZXII,0.00066047081759123996
615,IXZZZXIIIIIXZX,0.0012820935939853572
616,IXZZZXIIIIIYZY,0.0038297118668120193
617,IXZZZXIIIIXZXI,0.0021813822673874294
618,IXZZZXIIIIYZYI,0.0021813822673874294
619,IXZZZXIXZZZZZX,-0.0011819638813038414
620,IXZZZXIYZZZZZY,-0.0021508063286245546
621,IXZZZXXZZZZZXI,-0.0023056913999312959
622,IXZZZXYZZZZZYI,-0.0023056913999312959
623,IXZZZYIIIIIYZX,-0.0025476182728266621
624,IXZZZYIYZZZZZX,0.00096884244732071327
625,IXZZZZIXIIIIII,0.0026561068623113843
626,IXZZZZIZZZZXII,0.0045707978079582295
627,IXZZZZXIIIIIXX,0.0031563110728270957
628,IXZZZZXIIIXXII,0.00019319358672873618
629,IXZZZZXIXXIIII,0.0032641329391004002
630,IXZZZZXYZZYIII,-0.00048974260238585218
631,IXZZZZYIIIIIYX,0.0031563110728270957
632,IXZZZZYIIIYXII,0.00019319358672873618
633,IXZZZZYIYXIIII,0.0032641329391004002
634,IXZZZZYYZZXIII,0.00048974260238585218
635,IXZZZZZIZZZXII,0.0050605404103440822
636,IXZZZZZXIIIIII,-0.041523183638247065
637,IXZZZZZXIIIIIZ,-0.0041683196619162763
638,IXZZZZZXIIIIZI,-0.0010120085890891811
639,IXZZZZZXIIIZII,-0.0052603167158342852
640,IXZZZZZXIIZIII,-0.0050671231291055498
641,IXZZZZZXIZIIII,-0.0045151386519752586
642,IXZZZZZXZIIIII,-0.0012510057128748589
643,IXZZZZZZIZZXII,0.0014955156690679029
644,IXZZZZZZXYYIII,-0.0037516755358224761
645,IXZZZZZZYYXIII,0.0037516755358224761
646,IXZZZZZZZIZXII,0.005247191204890379
647,IXZZZZZZZZIXII,-0.0021525233125972766
648,IXZZZZZZZZXIXX,-0.0028949794354826567
649,IXZZZZZZZZYIYX,-0.0028949794354826567
650,IXZZZZZZZZZXII,0.069485438017470202
651,IXZZZZZZZZZXIZ,0.0040695017206344459
652,IXZZZZZZZZZXZI,0.0011745222851517892
653,IYIYIIIIIIIIII,0.0034097782669058312
654,IYIZZZZYIIIIII,-0.0037408298897965439
655,IYIZZZZZZZZYII,0.00029533147027719384
656,IYXIIIIIIIIIXY,-0.0046499213053707413
657,IYXIIIIIIIXYII,-0.0019289541949591882
658,IYXIIIIIXYIIII,-0.0081656128643012478
659,IYXIIIIXZZYIII,0.0046467391817534053
660,IYXIIIXYIIIIII,-0.0046997230796814171
661,IYXIIIXZZZZYII,-0.0051314092792092494
662,IYXIIXZZZZZZYI,0.0035367160958703755
663,IYXIXYIIIIIIII,-0.0043525678946091679
664,IYXIXZZZZZZZZY,-0.0056648718803857592
665,IYXXZZYIIIIIII,0.0022245135381126122
666,IYXXZZZZZZYIII,-0.0016262345724251755
667,IYYIIIIIIIIIYY,-0.0046499213053707413
668,IYYIIIIIIIYYII,-0.0019289541949591882
669,IYYIIIIIYYIIII,-0.0081656128643012478
670,IYYIIIIXZZXIII,-0.0046467391817534053
671,IYYIIIYYIIIIII,-0.0046997230796814171
672,IYYIIIYZZZZYII,-0.0051314092792092494
673,IYYIIXZZZZZZXI,-0.0035367160958703755
674,IYYIYYIIIIIIII,-0.0043525678946091679
675,IYYIYZZZZZZZZY,-0.0056648718803857592
676,IYYXZZXIIIIIII,-0.0022245135381126122
677,IYYXZZZZZZXIII,0.0016262345724251755
678,IYZIZZZYIIIIII,-0.0015163163516839317
679,IYZIZZZZZZZYII,-0.0013309031021479815
680,IYZXIIIXZZZYII,-0.00048467009745584405
681,IYZXIXZZZZZZZY,-0.0021281557845153833
682,IYZYIIIIIIIIII,0.12541470035964136
683,IYZYIIIIIIIIIZ,0.0069605960921367074
684,IYZYIIIIIIIIZI,0.002310674786765967
685,IYZYIIIIIIIZII,0.0037098445947667327
686,IYZYIIIIIIZIII,0.0017808903998075445
687,IYZYIIIIIZIIII,0.011118800718614076
688,IYZYIIIIZIIIII,0.0029531878543128292
689,IYZYIIIXZZZXII,-0.0053023506730883341
690,IYZYIIIYZZZYII,-0.0057870207705441783
691,IYZYIIIZIIIIII,0.0079182753054297065
692,IYZYIIXZZZXIII,-0.00065561149133492929
693,IYZYIIYZZZYIII,-0.00065561149133492929
694,IYZYIIZIIIIIII,0.0032185522257482902
695,IYZYIXZZZZZZZX,-0.0053654928613737843
696,IYZYIYZZZZZZZY,-0.0074936486458891671
697,IYZYIZIIIIIIII,0.0054702754703966679
698,IYZYXZZZZZZZXI,-0.0018287767655034079
699,IYZYYZZZZZZZYI,-0.0018287767655034079
700,IYZYZIIIIIIIII,0.0011177075757875005
701,IYZZIZZYIIIIII,-0.001550740645408992
702,IYZZIZZZZZZYII,-8.4284642836461642e-05
703,IYZZXIIIIIIXYI,-0.0016483295994245899
704,IYZZXIIIIIXZZY,-0.0008992886734020721
705,IYZZXIIXZZZZYI,-0.00015488507130674133
706,IYZZXIXZZZZZZY,0.0011237275186274545
707,IYZZXXYIIIIIII,-0.00078657327782231902
708,IYZZXXZZZZYIII,0.00074475546042770155
709,IYZZYIIIIIIXXI,0.0016483295994245899
710,IYZZYIIIIIYZZY,-0.0008992886734020721
711,IYZZYIIXZZZZXI,0.00015488507130674133
712,IYZZYIYZZZZZZY,0.0011237275186274545
713,IYZZYXXIIIIIII,0.00078657327782231902
714,IYZZYXZZZZXIII,-0.00074475546042770155
715,IYZZZIZYIIIIII,-0.002337313923231311
716,IYZZZIZZZZZYII,0.00066047081759123996
717,IYZZZXIIIIIXZY,-0.0025476182728266621
718,IYZZZXIXZZZZZY,0.00096884244732071327
719,IYZZZYIIIIIXZX,0.0038297118668120193
720,IYZZZYIIIIIYZY,0.0012820935939853572
721,IYZZZYIIIIXZXI,0.0021813822673874294
722,IYZZZYIIIIYZYI,0.0021813822673874294
723,IYZZZYIXZZZZZX,-0.0021508063286245546
724,IYZZZYIYZZZZZY,-0.0011819638813038414
725,IYZZZYXZZZZZXI,-0.0023056913999312959
726,IYZZZYYZZZZZYI,-0.0023056913999312959
727,IYZZZZIYIIIIII,0.0026561068623113843
728,IYZZZZIZZZZYII,0.0045707978079582295
729,IYZZZZXIIIIIXY,0.0031563110728270957
730,IYZZZZXIIIXYII,0.00019319358672873618
731,IYZZZZXIXYIIII,0.0032641329391004002
732,IYZZZZXXZZYIII,0.00048974260238585218
733,IYZZZZYIIIIIYY,0.0031563110728270957
734,IYZZZZYIIIYYII,0.00019319358672873618
735,IYZZZZYIYYIIII,0.0032641329391004002
736,IYZZZZYXZZXIII,-0.00048974260238585218
737,IYZZZZZIZZZYII,0.0050605404103440822
738,IYZZZZZYIIIIII,-0.041523183638247065
739,IYZZZZZYIIIIIZ,-0.0041683196619162763
740,IYZZZZZYIIIIZI,-0.0010120085890891811
741,IYZZZZZYIIIZII,-0.0052603167158342852
742,IYZZZZZYIIZIII,-0.0050671231291055498
743,IYZZZZZYIZIIII,-0.0045151386519752586
744,IYZZZZZYZIIIII,-0.0012510057128748589
745,IYZZZZZZIZZYII,0.0014955156690679029
746,IYZZZZZZXXYIII,0.0037516755358224761
747,IYZZZZZZYXXIII,-0.0037516755358224761
748,IYZZZZZZZIZYII,0.005247191204890379
749,IYZZZZZZZZIYII,-0.0021525233125972766
750,IYZZZZZZZZXIXY,-0.0028949794354826567
751,IYZZZZZZZZYIYY,-0.0028949794354826567
752,IYZZZZZZZZZYII,0.069485438017470202
753,IYZZZZZZZZZYIZ,0.0040695017206344459
754,IYZZZZZZZZZYZI,0.0011745222851517892
755,IZIIIIIIIIIIII,12.410297475395733
756,IZIIIIIIIIIIIZ,0.20987292050803763
757,IZIIIIIIIIIIZI,0.21507350565602545
758,IZIIIIIIIIIZII,0.19161249512933032
759,IZIIIIIIIIZIII,0.19903177548106218
760,IZIIIIIIIZIIII,0.27233074736281604
761,IZIIIIIIZIIIII,0.27883569405718545
762,IZIIIIIXZZZXII,-0.058365936292694695
763,IZIIIIIYZZZYII,-0.058365936292694695
764,IZIIIIIZIIIIII,0.23890923657090116
765,IZIIIIXZZZXIII,-0.058467920467248344
766,IZIIIIYZZZYIII,-0.058467920467248344
767,IZIIIIZIIIIIII,0.24561466740353205
768,IZIIIXZZZZZZZX,-0.087401403163895816
769,IZIIIYZZZZZZZY,-0.087401403163895816
770,IZIIIZIIIIIIII,0.19421844083811582
771,IZIIXZZZZZZZXI,-0.091148055774160908
772,IZIIYZZZZZZZYI,-0.091148055774160908
773,IZIIZIIIIIIIII,0.19692386525131658
774,IZIXZZZXIIIIII,0.02824713708592063
775,IZIXZZZZZZZXII,-0.065725507429793162
776,IZIYZZZYIIIIII,0.02824713708592063
777,IZIYZZZZZZZYII,-0.065725507429793162
778,IZIZIIIIIIIIII,0.23719135465313129
779,IZXZZZXIIIIIII,0.033853851843246116
780,IZXZZZZZZZXIII,-0.074268640338377379
781,IZYZZZYIIIIIII,0.033853851843246116
782,IZYZZZZZZZYIII,-0.074268640338377379
783,IZZIIIIIIIIIII,0.25192737433824058
784,XIXIIIIIIIIIII,0.10497010939506723
785,XIZZZZXIIIIIII,-0.044775702054157762
786,XIZZZZZZZZXIII,0.056662269721327235
787,XXIIIIIIIIIIYY,-0.0052005851479878058
788,XXIIIIIIIIYYII,-0.0074192803517318775
789,XXIIIIIIYYIIII,-0.0065049466943694545
790,XXIIIIIXZZXIII,-0.00010198417455364175
791,XXIIIIYYIIIIII,-0.0067054308326309217
792,XXIIIIYZZZZYII,-0.00010198417455364175
793,XXIIIXZZZZZZXI,-0.0037466526102651046
794,XXIIYYIIIIIIII,-0.0027054244132007675
795,XXIIYZZZZZZZZY,-0.0037466526102651046
796,XXIXZZXIIIIIII,0.005606714757325491
797,XXIXZZZZZZXIII,-0.0085431329085842132
798,XXYYIIIIIIIIII,-0.014736019685109309
799,XXYZZZZYIIIIII,0.005606714757325491
800,XXYZZZZZZZZYII,-0.0085431329085842132
801,XYIIIIIIIIIIYX,0.0052005851479878058
802,XYIIIIIIIIYXII,0.0074192803517318775
803,XYIIIIIIYXIIII,0.0065049466943694545
804,XYIIIIIYZZXIII,-0.00010198417455364175
805,XYIIIIYXIIIIII,0.0067054308326309217
806,XYIIIIYZZZZXII,0.00010198417455364175
807,XYIIIYZZZZZZXI,-0.0037466526102651046
808,XYIIYXIIIIIIII,0.0027054244132007675
809,XYIIYZZZZZZZZX,0.0037466526102651046
810,XYIYZZXIIIIIII,0.005606714757325491
811,XYIYZZZZZZXIII,-0.0085431329085842132
812,XYYXIIIIIIIIII,0.014736019685109309
813,XYYZZZZXIIIIII,-0.005606714757325491
814,XYYZZZZZZZZXII,0.0085431329085842132
815,XZIZZZXIIIIIII,-0.0015163163516839317
816,XZIZZZZZZZXIII,-0.0013309031021479815
817,XZXIIIIIIIIIII,0.12541470035964136
818,XZXIIIIIIIIIIZ,0.002310674786765967
819,XZXIIIIIIIIIZI,0.0069605960921367074
820,XZXIIIIIIIIZII,0.0017808903998075445
821,XZXIIIIIIIZIII,0.0037098445947667327
822,XZXIIIIIIZIIII,0.0029531878543128292
823,XZXIIIIIZIIIII,0.011118800718614076
824,XZXIIIIXZZZXII,-0.00065561149133492929
825,XZXIIIIYZZZYII,-0.00065561149133492929
826,XZXIIIIZIIIIII,0.0032185522257482902
827,XZXIIIXZZZXIII,-0.0057870207705441783
828,XZXIIIYZZZYIII,-0.0053023506730883341
829,XZXIIIZIIIIIII,0.0079182753054297065
830,XZXIIXZZZZZZZX,-0.0018287767655034079
831,XZXIIYZZZZZZZY,-0.0018287767655034079
832,XZXIIZIIIIIIII,0.0011177075757875005
833,XZXIXZZZZZZZXI,-0.0074936486458891671
834,XZXIYZZZZZZZYI,-0.0053654928613737843
835,XZXIZIIIIIIIII,0.0054702754703966679
836,XZXXZZZXIIIIII,0.0022245135381126122
837,XZXXZZZZZZZXII,-0.0016262345724251755
838,XZXYZZZYIIIIII,0.0022245135381126122
839,XZXYZZZZZZZYII,-0.0016262345724251755
840,XZXZIIIIIIIIII,0.0034097782669058312
841,XZYIIIYZZZXIII,-0.00048467009745584405
842,XZYIYZZZZZZZXI,-0.0021281557845153833
843,XZZIZZXIIIIIII,-0.0037408298897965439
844,XZZIZZZZZZXIII,0.00029533147027719384
845,XZZXIIIIIIIIYY,-0.0046499213053707413
846,XZZXIIIIIIYYII,-0.0019289541949591882
847,XZZXIIIIYYIIII,-0.0081656128643012478
848,XZZXIIIXZZXIII,-0.0051314092792092494
849,XZZXIIYYIIIIII,-0.0046997230796814171
850,XZZXIIYZZZZYII,-0.0046467391817534053
851,XZZXIXZZZZZZXI,-0.0056648718803857592
852,XZZXYYIIIIIIII,-0.0043525678946091679
853,XZZXYZZZZZZZZY,-0.0035367160958703755
854,XZZYIIIIIIIIYX,0.0046499213053707413
855,XZZYIIIIIIYXII,0.0019289541949591882
856,XZZYIIIIYXIIII,0.0081656128643012478
857,XZZYIIIYZZXIII,-0.0051314092792092494
858,XZZYIIYXIIIIII,0.0046997230796814171
859,XZZYIIYZZZZXII,0.0046467391817534053
860,XZZYIYZZZZZZXI,-0.0056648718803857592
861,XZZYYXIIIIIIII,0.0043525678946091679
862,XZZYYZZZZZZZZX,0.0035367160958703755
863,XZZZIZXIIIIIII,-0.002337313923231311
864,XZZZIZZZZZXIII,0.00066047081759123996
865,XZZZXIIIIIIXZX,0.0021813822673874294
866,XZZZXIIIIIIYZY,0.0021813822673874294
867,XZZZXIIIIIXZXI,0.0012820935939853572
868,XZZZXIIIIIYZYI,0.0038297118668120193
869,XZZZXIIXZZZZZX,-0.0023056913999312959
870,XZZZXIIYZZZZZY,-0.0023056913999312959
871,XZZZXIXZZZZZXI,-0.0011819638813038414
872,XZZZXIYZZZZZYI,-0.0021508063286245546
873,XZZZXXZXIIIIII,-0.00078657327782231902
874,XZZZXXZZZZZXII,0.00074475546042770155
875,XZZZXYZYIIIIII,-0.00078657327782231902
876,XZZZXYZZZZZYII,0.00074475546042770155
877,XZZZYIIIIIYZXI,-0.0025476182728266621
878,XZZZYIYZZZZZXI,0.00096884244732071327
879,XZZZZIXIIIIIII,-0.001550740645408992
880,XZZZZIZZZZXIII,-8.4284642836461642e-05
881,XZZZZXIIIIIXXI,-0.0008992886734020721
882,XZZZZXIIIIYZZY,0.0016483295994245899
883,XZZZZXIXZZZZXI,0.0011237275186274545
884,XZZZZXYZZZZZZY,0.00015488507130674133
885,XZZZZYIIIIIYXI,-0.0008992886734020721
886,XZZZZYIIIIYZZX,-0.0016483295994245899
887,XZZZZYIYZZZZXI,0.0011237275186274545
888,XZZZZYYZZZZZZX,-0.00015488507130674133
889,XZZZZZIZZZXIII,0.0050605404103440822
890,XZZZZZXIIIIIII,-0.041523183638247065
891,XZZZZZXIIIIIIZ,-0.0010120085890891811
892,XZZZZZXIIIIIZI,-0.0041683196619162763
893,XZZZZZXIIIIZII,-0.0050671231291055498
894,XZZZZZXIIIZIII,-0.0052603167158342852
895,XZZZZZXIIZIIII,-0.0012510057128748589
896,XZZZZZXIZIIIII,-0.0045151386519752586
897,XZZZZZXXZZZXII,0.00048974260238585218
898,XZZZZZXYZZZYII,0.00048974260238585218
899,XZZZZZXZIIIIII,0.0026561068623113843
900,XZZZZZZIZZXIII,0.0045707978079582295
901,XZZZZZZXIIIIYY,0.0031563110728270957
902,XZZZZZZXIIYYII,0.00019319358672873618
903,XZZZZZZXYYIIII,0.0032641329391004002
904,XZZZZZZYIIIIYX,-0.0031563110728270957
905,XZZZZZZYIIYXII,-0.00019319358672873618
906,XZZZZZZYYXIIII,-0.0032641329391004002
907,XZZZZZZZIZXIII,0.005247191204890379
908,XZZZZZZZXXZXII,0.0037516755358224761
909,XZZZZZZZXYZYII,0.0037516755358224761
910,XZZZZZZZZIXIII,0.0014955156690679029
911,XZZZZZZZZZXIII,0.06948543801747023
912,XZZZZZZZZZXIIZ,0.0011745222851517892
913,XZZZZZZZZZXIZI,0.0040695017206344459
914,XZZZZZZZZZXZII,-0.0021525233125972766
915,XZZZZZZZZZZXYY,-0.0028949794354826567
916,XZZZZZZZZZZYYX,0.0028949794354826567
917,YIYIIIIIIIIIII,0.10497010939506723
918,YIZZZZYIIIIIII,-0.044775702054157762
919,YIZZZZZZZZYIII,0.056662269721327235
920,YXIIIIIIIIIIXY,0.0052005851479878058
921,YXIIIIIIIIXYII,0.0074192803517318775
922,YXIIIIIIXYIIII,0.0065049466943694545
923,YXIIIIIXZZYIII,-0.00010198417455364175
924,YXIIIIXYIIIIII,0.0067054308326309217
925,YXIIIIXZZZZYII,0.00010198417455364175
926,YXIIIXZZZZZZYI,-0.0037466526102651046
927,YXIIXYIIIIIIII,0.0027054244132007675
928,YXIIXZZZZZZZZY,0.0037466526102651046
929,YXIXZZYIIIIIII,0.005606714757325491
930,YXIXZZZZZZYIII,-0.0085431329085842132
931,YXXYIIIIIIIIII,0.014736019685109309
932,YXXZZZZYIIIIII,-0.005606714757325491
933,YXXZZZZZZZZYII,0.0085431329085842132
934,YYIIIIIIIIIIXX,-0.0052005851479878058
935,YYIIIIIIIIXXII,-0.0074192803517318775
936,YYIIIIIIXXIIII,-0.0065049466943694545
937,YYIIIIIYZZYIII,-0.00010198417455364175
938,YYIIIIXXIIIIII,-0.0067054308326309217
939,YYIIIIXZZZZXII,-0.00010198417455364175
940,YYIIIYZZZZZZYI,-0.0037466526102651046
941,YYIIXXIIIIIIII,-0.0027054244132007675
942,YYIIXZZZZZZZZX,-0.0037466526102651046
943,YYIYZZYIIIIIII,0.005606714757325491
944,YYIYZZZZZZYIII,-0.0085431329085842132
945,YYXXIIIIIIIIII,-0.014736019685109309
946,YYXZZZZXIIIIII,0.005606714757325491
947,YYXZZZZZZZZXII,-0.0085431329085842132
948,YZIZZZYIIIIIII,-0.0015163163516839317
949,YZIZZZZZZZYIII,-0.0013309031021479815
950,YZXIIIXZZZYIII,-0.00048467009745584405
951,YZXIXZZZZZZZYI,-0.0021281557845153833
952,YZYIIIIIIIIIII,0.12541470035964136
953,YZYIIIIIIIIIIZ,0.002310674786765967
954,YZYIIIIIIIIIZI,0.0069605960921367074
955,YZYIIIIIIIIZII,0.0017808903998075445
956,YZYIIIIIIIZIII,0.0037098445947667327
957,YZYIIIIIIZIIII,0.0029531878543128292
958,YZYIIIIIZIIIII,0.011118800718614076
959,YZYIIIIXZZZXII,-0.00065561149133492929
960,YZYIIIIYZZZYII,-0.00065561149133492929
961,YZYIIIIZIIIIII,0.0032185522257482902
962,YZYIIIXZZZXIII,-0.0053023506730883341
963,YZYIIIYZZZYIII,-0.0057870207705441783
964,YZYIIIZIIIIIII,0.0079182753054297065
965,YZYIIXZZZZZZZX,-0.0018287767655034079
966,YZYIIYZZZZZZZY,-0.0018287767655034079
967,YZYIIZIIIIIIII,0.0011177075757875005
968,YZYIXZZZZZZZXI,-0.0053654928613737843
969,YZYIYZZZZZZZYI,-0.0074936486458891671
970,YZYIZIIIIIIIII,0.0054702754703966679
971,YZYXZZZXIIIIII,0.0022245135381126122
972,YZYXZZZZZZZXII,-0.0016262345724251755
973,YZYYZZZYIIIIII,0.0022245135381126122
974,YZYYZZZZZZZYII,-0.0016262345724251755
975,YZYZIIIIIIIIII,0.0034097782669058312
976,YZZIZZYIIIIIII,-0.0037408298897965439
977,YZZIZZZZZZYIII,0.00029533147027719384
978,YZZXIIIIIIIIXY,0.0046499213053707413
979,YZZXIIIIIIXYII,0.0019289541949591882
980,YZZXIIIIXYIIII,0.0081656128643012478
981,YZZXIIIXZZYIII,-0.0051314092792092494
982,YZZXIIXYIIIIII,0.0046997230796814171
983,YZZXIIXZZZZYII,0.0046467391817534053
984,YZZXIXZZZZZZYI,-0.0056648718803857592
985,YZZXXYIIIIIIII,0.0043525678946091679
986,YZZXXZZZZZZZZY,0.0035367160958703755
987,YZZYIIIIIIIIXX,-0.0046499213053707413
988,YZZYIIIIIIXXII,-0.0019289541949591882
989,YZZYIIIIXXIIII,-0.0081656128643012478
990,YZZYIIIYZZYIII,-0.0051314092792092494
991,YZZYIIXXIIIIII,-0.0046997230796814171
992,YZZYIIXZZZZXII,-0.0046467391817534053
993,YZZYIYZZZZZZYI,-0.0056648718803857592
994,YZZYXXIIIIIIII,-0.0043525678946091679
995,YZZYXZZZZZZZZX,-0.0035367160958703755
996,YZZZIZYIIIIIII,-0.002337313923231311
997,YZZZIZZZZZYIII,0.00066047081759123996
998,YZZZXIIIIIXZYI,-0.0025476182728266621
999,YZZZXIXZZZZZYI,0.00096884244732071327
1000,YZZZYIIIIIIXZX,0.0021813822673874294
1001,YZZZYIIIIIIYZY,0.0021813822673874294
1002,YZZZYIIIIIXZXI,0.0038297118668120193
1003,YZZZYIIIIIYZYI,0.0012820935939853572
1004,YZZZYIIXZZZZZX,-0.0023056913999312959
1005,YZZZYIIYZZZZZY,-0.0023056913999312959
1006,YZZZYIXZZZZZXI,-0.0021508063286245546
1007,YZZZYIYZZZZZYI,-0.0011819638813038414
1008,YZZZYXZXIIIIII,-0.00078657327782231902
1009,YZZZYXZZZZZXII,0.00074475546042770155
1010,YZZZYYZYIIIIII,-0.00078657327782231902
1011,YZZZYYZZZZZYII,0.00074475546042770155
1012,YZZZZIYIIIIIII,-0.001550740645408992
1013,YZZZZIZZZZYIII,-8.4284642836461642e-05
1014,YZZZZXIIIIIXYI,-0.0008992886734020721
1015,YZZZZXIIIIXZZY,-0.0016483295994245899
1016,YZZZZXIXZZZZYI,0.0011237275186274545
1017,YZZZZXXZZZZZZY,-0.00015488507130674133
1018,YZZZZYIIIIIYYI,-0.0008992886734020721
1019,YZZZZYIIIIXZZX,0.0016483295994245899
1020,YZZZZYIYZZZZYI,0.0011237275186274545
1021,YZZZZYXZZZZZZX,0.00015488507130674133
1022,YZZZZZIZZZYIII,0.0050605404103440822
1023,YZZZZZYIIIIIII,-0.041523183638247065
1024,YZZZZZYIIIIIIZ,-0.0010120085890891811
1025,YZZZZZYIIIIIZI,-0.0041683196619162763
1026,YZZZZZYIIIIZII,-0.0050671231291055498
1027,YZZZZZYIIIZIII,-0.0052603167158342852
1028,YZZZZZYIIZIIII,-0.0012510057128748589
1029,YZZZZZYIZIIIII,-0.0045151386519752586
1030,YZZZZZYXZZZXII,0.00048974260238585218
1031,YZZZZZYYZZZYII,0.00048974260238585218
1032,YZZZZZYZIIIIII,0.0026561068623113843
1033,YZZZZZZIZZYIII,0.0045707978079582295
1034,YZZZZZZXIIIIXY,-0.0031563110728270957
1035,YZZZZZZXIIXYII,-0.00019319358672873618
1036,YZZZZZZXXYIIII,-0.0032641329391004002
1037,YZZZZZZYIIIIXX,0.0031563110728270957
1038,YZZZZZZYIIXXII,0.00019319358672873618
1039,YZZZZZZYXXIIII,0.0032641329391004002
1040,YZZZZZZZIZYIII,0.005247191204890379
1041,YZZZZZZZYXZXII,0.0037516755358224761
1042,YZZZZZZZYYZYII,0.0037516755358224761
1043,YZZZZZZZZIYIII,0.0014955156690679029
1044,YZZZZZZZZZYIII,0.06948543801747023
1045,YZZZZZZZZZYIIZ,0.0011745222851517892
1046,YZZZZZZZZZYIZI,0.0040695017206344459
1047,YZZZZZZZZZYZII,-0.0021525233125972766
1048,YZZZZZZZZZZXXY,0.0028949794354826567
1049,YZZZZZZZZZZYXX,-0.0028949794354826567
1050,ZIIIIIIIIIIIII,12.410297475395733
1051,ZIIIIIIIIIIIIZ,0.21507350565602545
1052,ZIIIIIIIIIIIZI,0.20987292050803763
1053,ZIIIIIIIIIIZII,0.19903177548106218
1054,ZIIIIIIIIIZIII,0.19161249512933032
1055,ZIIIIIIIIZIIII,0.27883569405718545
1056,ZIIIIIIIZIIIII,0.27233074736281604
1057,ZIIIIIIXZZZXII,-0.058467920467248344
1058,ZIIIIIIYZZZYII,-0.058467920467248344
1059,ZIIIIIIZIIIIII,0.24561466740353205
1060,ZIIIIIXZZZXIII,-0.058365936292694695
1061,ZIIIIIYZZZYIII,-0.058365936292694695
1062,ZIIIIIZIIIIIII,0.23890923657090116
1063,ZIIIIXZZZZZZZX,-0.091148055774160908
1064,ZIIIIYZZZZZZZY,-0.091148055774160908
1065,ZIIIIZIIIIIIII,0.19692386525131658
1066,ZIIIXZZZZZZZXI,-0.087401403163895816
1067,ZIIIYZZZZZZZYI,-0.087401403163895816
1068,ZIIIZIIIIIIIII,0.19421844083811582
1069,ZIIXZZZXIIIIII,0.033853851843246116
1070,ZIIXZZZZZZZXII,-0.074268640338377379
1071,ZIIYZZZYIIIIII,0.033853851843246116
1072,ZIIYZZZZZZZYII,-0.074268640338377379
1073,ZIIZIIIIIIIIII,0.25192737433824058
1074,ZIXZZZXIIIIIII,0.02824713708592063
1075,ZIXZZZZZZZXIII,-0.065725507429793162
1076,ZIYZZZYIIIIIII,0.02824713708592063
1077,ZIYZZZZZZZYIII,-0.065725507429793162
1078,ZIZIIIIIIIIIII,0.23719135465313129
1079,ZXZXIIIIIIIIII,0.10497010939506723
1080,ZXZZZZZXIIIIII,-0.044775702054157762
1081,ZXZZZZZZZZZXII,0.056662269721327235
1082,ZYZYIIIIIIIIII,0.10497010939506723
1083,ZYZZZZZYIIIIII,-0.044775702054157762
1084,ZYZZZZZZZZZYII,0.056662269721327235
1085,ZZIIIIIIIIIIII,1.1863016299912781
